first Name,Last name,Roll No,Blood,Parent Contact,Section,Admission No,Join Date,Present Class,Date of Birth,Gender,Village,City,Taluk,District,Father Name,Mother Name,Academic year
ma musthafa,MA,12456,A,54564564,Section A,12345,8/30/2017,lkg,4/13/1986,Male,Chetaali,Sunticopa,Virajpet,Kodagu,Abdulla,Ayisha,2017-2018
Muhammad Ajmal M,,123,o+,4584265,Section A,123,8/31/2017,ukg,4/14/1986,Male,sunticoppa,Madikeri,Somwarpet,Kodagu,Musthafa,Fathima,2017-2019
Fathima,,88,B,8879,Section A,1234,9/1/2017,lkg,4/15/1986,Female,Siddapur,Siddapur,Virajpet,Kodagu,Mahin,Zeenath,2017-2020
Unais,ma,123,)-,87876,Section A,78768,9/2/2017,lkg,4/16/1986,Female,jkdjkh,jkhjkh,kjhjk,kjh,khj,kjh,jhjhk
